{"loss": 0.860491156578064, "accuracy": 0.9051724076271057}